{
    "sizes": [
        32,
        64,
        128,
        256,
        512
    ],
    "strides": [
        8,
        16,
        32,
        64,
        128
    ],
    "ratios": [
        0.25,
        0.5,
        1.0,
        2.0,
        4.0
    ],
    "scales": [
        0.6299605249474366,
        0.7937005259840998,
        1.0,
        1.2599210498948732,
        1.5874010519681994
    ]
}